﻿username,password,first_name,last_name,mobile,address,dob
sanchit,OWEwZGQxOWRlNmQwZmQ1ZDRlNzg0ZjFlMTgwZTdiZjRkYmU0NjI2OWY0NDM1ZDA1NGQ1MjQ5NzNkZjgxODQxNg==,Sanchit,Patil,9988776655,ramchandra niwas,2004-04-17
swapnil,Mjg0NmYwOGEzOTdkYzVjNTRhYmFkNzkyZjM5MWNiNGY2YTQyY2IzNGVjMGFkMjlkZGZiMWViM2ViMzNmYWQ1OA==,swapnil,rathod,9892649590,Kalwa,2003-02-17
swapnil,OGQ5NjllZWY2ZWNhZDNjMjlhM2E2MjkyODBlNjg2Y2YwYzNmNWQ1YTg2YWZmM2NhMTIwMjBjOTIzYWRjNmM5Mg==,Swapnil,Rathod,9892649590,Kalwa,2003-02-17
ridvik,ZDIyNDAwNjA3Y2Q4MTA2MTIzY2E0NTFhNmM0MDRhYmE0YTdmOGI4NzMwYWViMDA3M2RmMmZiYTNjNWY2ZDFkNw==,ridvik,thakur,6984963214,thane,2003-03-19
